id,dostawca,hours,postpone,loc
1,INpost,2,7:33 AM,Poland
2,GPS,13,9:03 AM,Poland
3,GPS,23,10:02 AM,Poland
4,DPD,12,8:33 AM,Germany
5,GPS,23,12:46 AM,Germany
6,GPS,5,12:22 AM,Poland
7,DPD,18,2:01 AM,Czech Republic
8,INpost,20,12:22 AM,Poland
9,DPD,21,5:52 AM,Czech Republic
10,DPD,7,11:49 AM,Poland
11,INpost,8,4:39 AM,Poland
12,DPD,11,7:54 AM,Czech Republic
13,DPD,7,5:22 AM,Czech Republic
14,INpost,17,1:08 AM,Poland
15,INpost,2,9:11 AM,Czech Republic
16,INpost,20,5:46 AM,Poland
17,GPS,18,4:09 AM,Poland
18,DPD,,,
19,INpost,5,5:49 AM,Poland
20,INpost,15,5:14 AM,Poland
21,GPS,2,12:24 AM,Czech Republic
22,DPD,19,9:26 AM,Poland
23,INpost,13,6:02 AM,Poland
24,DPD,23,2:45 AM,Poland
25,GPS,8,2:05 AM,Germany
26,DPD,3,11:07 AM,Poland
27,INpost,11,12:48 AM,Czech Republic
28,INpost,10,12:49 AM,Czech Republic
29,DPD,23,5:32 AM,Czech Republic
30,GPS,14,3:38 AM,Poland
31,DPD,4,10:32 AM,Poland
32,GPS,14,1:39 AM,Czech Republic
33,DPD,14,12:39 AM,Poland
34,DPD,6,10:27 AM,Poland
35,GPS,15,3:59 AM,Czech Republic
36,DPD,10,9:26 AM,Poland
37,INpost,17,8:05 AM,Czech Republic
38,GPS,17,6:47 AM,Poland
39,INpost,7,5:25 AM,Poland
40,GPS,7,4:11 AM,Poland
41,INpost,17,7:01 AM,Czech Republic
42,GPS,21,9:13 AM,Poland
43,INpost,23,8:03 AM,Czech Republic
44,GPS,4,1:35 AM,Poland
45,INpost,21,10:23 AM,Poland
46,INpost,16,10:28 AM,Czech Republic
47,INpost,7,5:10 AM,Poland
48,DPD,18,8:34 AM,Czech Republic
49,INpost,7,4:15 AM,Poland
50,GPS,2,2:16 AM,Poland
51,DPD,3,7:32 AM,Poland
52,DPD,1,3:04 AM,Poland
53,GPS,20,7:51 AM,Poland
54,GPS,1,8:20 AM,Austria
55,GPS,2,1:27 AM,Poland
56,DPD,14,3:40 AM,Poland
57,GPS,14,5:10 AM,Poland
58,GPS,11,3:27 AM,Poland
59,GPS,17,12:18 AM,Poland
60,DPD,18,2:50 AM,Czech Republic
61,INpost,3,12:13 AM,Poland
62,INpost,18,8:55 AM,Poland
63,INpost,3,1:17 AM,Czech Republic
64,INpost,11,10:41 AM,Poland
65,INpost,20,4:56 AM,Germany
66,GPS,7,10:03 AM,Czech Republic
67,GPS,19,7:36 AM,Poland
68,GPS,20,4:52 AM,Poland
69,DPD,16,12:51 AM,Poland
70,DPD,16,6:32 AM,Poland
71,DPD,8,5:14 AM,Poland
72,DPD,6,10:43 AM,Czech Republic
73,DPD,12,5:34 AM,Czech Republic
74,INpost,13,12:36 AM,Poland
75,INpost,,,
76,GPS,17,1:29 AM,Poland
77,DPD,6,12:49 AM,Poland
78,DPD,5,3:26 AM,Czech Republic
79,DPD,4,6:25 AM,Czech Republic
80,DPD,13,10:01 AM,Poland
81,DPD,24,7:23 AM,Germany
82,DPD,11,6:33 AM,Poland
83,DPD,3,1:11 AM,Poland
84,DPD,15,9:35 AM,Poland
85,DPD,15,3:37 AM,Poland
86,DPD,14,4:14 AM,Poland
87,GPS,13,4:29 AM,Poland
88,INpost,9,2:27 AM,Poland
89,INpost,3,11:55 AM,Poland
90,INpost,14,6:16 AM,Czech Republic
91,GPS,15,9:38 AM,Germany
92,INpost,12,11:49 AM,Poland
93,INpost,13,11:44 AM,Poland
94,INpost,,,
95,INpost,19,2:52 AM,Czech Republic
96,GPS,9,11:30 AM,Poland
97,GPS,8,6:59 AM,Poland
98,INpost,10,3:28 AM,Czech Republic
99,DPD,22,11:33 AM,Poland
100,INpost,17,10:46 AM,Poland
101,GPS,22,8:44 AM,Germany
102,DPD,22,3:30 AM,Poland
103,INpost,3,2:50 AM,Poland
104,GPS,10,12:12 AM,Poland
105,INpost,22,1:31 AM,Czech Republic
106,GPS,14,7:15 AM,Czech Republic
107,INpost,15,3:27 AM,Poland
108,GPS,15,5:01 AM,Czech Republic
109,GPS,15,8:30 AM,Czech Republic
110,GPS,19,6:27 AM,Czech Republic
111,INpost,20,10:51 AM,Poland
112,GPS,13,12:57 AM,Czech Republic
113,GPS,,,
114,GPS,16,8:53 AM,Czech Republic
115,INpost,19,1:47 AM,Poland
116,INpost,15,11:36 AM,Czech Republic
117,GPS,19,10:45 AM,Poland
118,GPS,4,12:13 AM,Czech Republic
119,GPS,9,5:07 AM,Poland
120,DPD,15,8:25 AM,Poland
121,DPD,24,4:10 AM,Czech Republic
122,DPD,11,4:58 AM,Poland
123,DPD,22,8:13 AM,Poland
124,GPS,6,5:49 AM,Germany
125,INpost,6,1:41 AM,Poland
126,GPS,11,12:50 AM,Poland
127,INpost,23,10:21 AM,Poland
128,INpost,4,11:17 AM,Czech Republic
129,DPD,23,9:44 AM,Poland
130,GPS,11,6:53 AM,Poland
131,DPD,14,7:21 AM,Austria
132,GPS,9,3:06 AM,Poland
133,GPS,14,6:57 AM,Czech Republic
134,DPD,15,8:11 AM,Czech Republic
135,GPS,6,12:24 AM,Poland
136,GPS,19,7:38 AM,Poland
137,GPS,9,8:22 AM,Czech Republic
138,DPD,17,8:17 AM,Poland
139,GPS,23,2:41 AM,Poland
140,DPD,21,1:18 AM,Poland
141,INpost,16,10:47 AM,Poland
142,INpost,24,6:51 AM,Poland
143,INpost,23,8:14 AM,Poland
144,GPS,22,8:57 AM,Poland
145,DPD,20,1:40 AM,Poland
146,GPS,15,5:54 AM,Poland
147,DPD,14,5:33 AM,Poland
148,DPD,14,12:26 AM,Poland
149,GPS,7,5:53 AM,Poland
150,INpost,3,5:17 AM,Poland
151,INpost,16,3:11 AM,Poland
152,DPD,8,3:37 AM,Poland
153,DPD,19,10:27 AM,Czech Republic
154,INpost,9,2:13 AM,Poland
155,DPD,17,11:43 AM,Germany
156,DPD,5,10:19 AM,Czech Republic
157,INpost,23,12:09 AM,Poland
158,INpost,15,2:21 AM,Poland
159,INpost,15,2:38 AM,Poland
160,DPD,5,8:38 AM,Czech Republic
161,INpost,19,3:36 AM,Poland
162,GPS,3,6:37 AM,Poland
163,DPD,5,5:34 AM,Poland
164,GPS,8,9:58 AM,Poland
165,GPS,14,7:45 AM,Poland
166,INpost,7,9:06 AM,Czech Republic
167,DPD,8,3:41 AM,Germany
168,INpost,21,10:32 AM,Poland
169,INpost,20,2:18 AM,Czech Republic
170,DPD,2,1:09 AM,Poland
171,DPD,21,12:04 AM,Poland
172,INpost,6,6:40 AM,Poland
173,DPD,12,5:30 AM,Poland
174,GPS,12,1:06 AM,Poland
175,INpost,13,4:40 AM,Czech Republic
176,DPD,10,4:48 AM,Poland
177,DPD,12,10:15 AM,Poland
178,INpost,15,3:05 AM,Germany
179,DPD,13,10:52 AM,Poland
180,DPD,1,3:17 AM,Czech Republic
181,GPS,23,3:49 AM,Czech Republic
182,DPD,16,10:26 AM,Czech Republic
183,INpost,11,5:28 AM,Poland
184,DPD,19,8:23 AM,Poland
185,GPS,19,1:55 AM,Germany
186,DPD,12,7:16 AM,Poland
187,INpost,20,4:26 AM,Poland
188,DPD,24,1:06 AM,Czech Republic
189,GPS,7,12:32 AM,Poland
190,GPS,7,1:35 AM,Poland
191,INpost,19,9:48 AM,Poland
192,DPD,3,5:34 AM,Czech Republic
193,DPD,9,6:36 AM,Poland
194,DPD,10,2:20 AM,Czech Republic
195,DPD,12,9:57 AM,Poland
196,GPS,5,2:15 AM,Poland
197,DPD,20,10:08 AM,Czech Republic
198,GPS,3,7:46 AM,Poland
199,INpost,8,10:54 AM,Germany
200,GPS,13,1:05 AM,Czech Republic
201,DPD,4,6:20 AM,Poland
202,INpost,16,1:12 AM,Germany
203,GPS,16,9:50 AM,Poland
204,INpost,24,4:40 AM,Poland
205,DPD,16,7:04 AM,Poland
206,INpost,1,9:17 AM,Poland
207,DPD,14,6:33 AM,Czech Republic
208,GPS,18,7:48 AM,Czech Republic
209,GPS,6,4:38 AM,Poland
210,DPD,21,2:42 AM,Poland
211,INpost,5,4:45 AM,Poland
212,GPS,13,5:30 AM,Poland
213,GPS,2,3:37 AM,Germany
214,INpost,,,
215,INpost,11,12:05 AM,Poland
216,INpost,24,5:45 AM,Poland
217,INpost,3,10:32 AM,Czech Republic
218,INpost,4,2:01 AM,Poland
219,INpost,14,9:55 AM,Poland
220,DPD,7,11:27 AM,Poland
221,INpost,2,1:50 AM,Poland
222,DPD,3,11:07 AM,Poland
223,INpost,13,12:41 AM,Poland
224,GPS,20,1:52 AM,Czech Republic
225,INpost,8,12:21 AM,Poland
226,INpost,23,10:11 AM,Czech Republic
227,GPS,24,5:51 AM,Poland
228,GPS,11,11:33 AM,Poland
229,GPS,18,1:03 AM,Czech Republic
230,DPD,20,12:16 AM,Germany
231,GPS,6,2:00 AM,Poland
232,INpost,17,10:51 AM,Poland
233,GPS,23,5:45 AM,Poland
234,INpost,7,8:22 AM,Czech Republic
235,DPD,6,10:38 AM,Poland
236,GPS,23,2:44 AM,Germany
237,DPD,4,7:32 AM,Czech Republic
238,GPS,22,10:21 AM,Czech Republic
239,DPD,12,3:26 AM,Poland
240,GPS,3,11:02 AM,Czech Republic
241,INpost,12,1:54 AM,Czech Republic
242,DPD,15,3:11 AM,Czech Republic
243,GPS,12,3:10 AM,Czech Republic
244,DPD,12,9:07 AM,Poland
245,INpost,22,4:05 AM,Poland
246,GPS,21,9:05 AM,Poland
247,GPS,9,8:42 AM,Poland
248,DPD,13,9:17 AM,Poland
249,INpost,4,4:04 AM,Poland
250,DPD,12,3:12 AM,Czech Republic
251,GPS,22,11:20 AM,Poland
252,GPS,2,6:34 AM,Czech Republic
253,GPS,11,8:58 AM,Poland
254,GPS,7,6:08 AM,Poland
255,DPD,11,8:19 AM,Poland
256,INpost,20,1:59 AM,Poland
257,DPD,7,10:54 AM,Czech Republic
258,GPS,22,2:49 AM,Czech Republic
259,GPS,7,4:25 AM,Czech Republic
260,INpost,2,4:44 AM,Czech Republic
261,DPD,16,4:45 AM,Poland
262,DPD,23,3:57 AM,Germany
263,DPD,20,2:09 AM,Poland
264,INpost,6,9:37 AM,Germany
265,INpost,18,6:12 AM,Poland
266,DPD,14,9:43 AM,Poland
267,DPD,12,4:57 AM,Poland
268,GPS,10,7:58 AM,Czech Republic
269,DPD,20,2:21 AM,Czech Republic
270,GPS,18,2:11 AM,Poland
271,DPD,16,10:46 AM,Czech Republic
272,DPD,3,11:17 AM,Poland
273,DPD,18,11:20 AM,Poland
274,DPD,20,5:37 AM,Poland
275,INpost,23,4:15 AM,Poland
276,INpost,14,11:08 AM,Czech Republic
277,DPD,4,6:33 AM,Poland
278,INpost,1,7:04 AM,Germany
279,DPD,20,5:10 AM,Czech Republic
280,INpost,12,9:46 AM,Poland
281,INpost,21,5:43 AM,Poland
282,DPD,13,11:34 AM,Poland
283,DPD,10,7:03 AM,Poland
284,DPD,23,11:51 AM,Poland
285,GPS,11,9:16 AM,Poland
286,DPD,2,5:04 AM,Poland
287,DPD,12,2:44 AM,Czech Republic
288,DPD,24,12:56 AM,Germany
289,INpost,24,12:24 AM,Poland
290,GPS,22,10:45 AM,Germany
291,DPD,19,8:49 AM,Poland
292,GPS,17,7:03 AM,Poland
293,GPS,11,8:03 AM,Poland
294,INpost,8,6:33 AM,Czech Republic
295,INpost,3,6:14 AM,Poland
296,INpost,10,4:29 AM,Poland
297,DPD,9,9:35 AM,Poland
298,DPD,24,2:36 AM,Poland
299,GPS,7,2:19 AM,Austria
300,GPS,5,6:35 AM,Poland
301,GPS,13,10:06 AM,Poland
302,GPS,10,6:16 AM,Czech Republic
303,GPS,17,10:35 AM,Poland
304,GPS,21,3:50 AM,Poland
305,DPD,1,11:18 AM,Poland
306,GPS,23,10:26 AM,Poland
307,GPS,18,6:05 AM,Poland
308,GPS,20,4:11 AM,Poland
309,DPD,12,8:09 AM,Poland
310,GPS,5,1:08 AM,Poland
311,INpost,16,8:41 AM,Czech Republic
312,DPD,18,9:29 AM,Poland
313,GPS,21,9:05 AM,Poland
314,GPS,4,6:14 AM,Poland
315,INpost,7,3:31 AM,Poland
316,GPS,11,3:13 AM,Poland
317,GPS,24,3:24 AM,Poland
318,GPS,1,5:12 AM,Czech Republic
319,GPS,15,10:05 AM,Poland
320,DPD,24,11:36 AM,Poland
321,INpost,15,1:40 AM,Poland
322,GPS,21,1:20 AM,Poland
323,DPD,22,5:24 AM,Czech Republic
324,GPS,11,2:10 AM,Poland
325,INpost,22,7:04 AM,Czech Republic
326,DPD,22,3:28 AM,Poland
327,DPD,14,12:08 AM,Czech Republic
328,GPS,10,6:33 AM,Poland
329,INpost,22,1:34 AM,Poland
330,GPS,11,12:26 AM,Germany
331,INpost,11,2:56 AM,Poland
332,DPD,5,8:04 AM,Czech Republic
333,INpost,7,9:30 AM,Poland
334,DPD,15,5:58 AM,Czech Republic
335,INpost,9,11:02 AM,Poland
336,DPD,22,8:17 AM,Poland
337,DPD,6,2:52 AM,Poland
338,INpost,23,10:46 AM,Poland
339,INpost,19,6:31 AM,Czech Republic
340,INpost,16,8:58 AM,Germany
341,DPD,17,7:09 AM,Czech Republic
342,DPD,17,6:50 AM,Poland
343,INpost,20,6:10 AM,Poland
344,GPS,22,8:40 AM,Czech Republic
345,GPS,10,9:12 AM,Poland
346,GPS,22,3:37 AM,Poland
347,GPS,5,2:47 AM,Czech Republic
348,GPS,18,2:45 AM,Czech Republic
349,INpost,10,12:41 AM,Poland
350,DPD,5,7:12 AM,Poland
351,GPS,9,6:03 AM,Poland
352,INpost,20,10:12 AM,Poland
353,INpost,19,10:30 AM,Poland
354,GPS,22,2:54 AM,Poland
355,DPD,12,6:01 AM,Poland
356,INpost,10,9:03 AM,Poland
357,DPD,3,12:51 AM,Germany
358,DPD,17,12:51 AM,Poland
359,GPS,13,7:41 AM,Czech Republic
360,GPS,12,1:27 AM,Czech Republic
361,DPD,11,11:26 AM,Poland
362,DPD,4,5:04 AM,Poland
363,GPS,22,1:57 AM,Poland
364,GPS,5,2:36 AM,Poland
365,DPD,21,5:29 AM,Poland
366,GPS,18,2:53 AM,Czech Republic
367,INpost,,,
368,GPS,14,2:19 AM,Poland
369,INpost,16,8:20 AM,Germany
370,GPS,9,4:53 AM,Poland
371,GPS,13,12:41 AM,Czech Republic
372,INpost,3,11:22 AM,Czech Republic
373,GPS,23,6:18 AM,Czech Republic
374,GPS,10,3:54 AM,Czech Republic
375,GPS,20,5:26 AM,Czech Republic
376,DPD,11,11:08 AM,Poland
377,GPS,23,2:01 AM,Czech Republic
378,DPD,14,2:43 AM,Germany
379,INpost,4,7:46 AM,Poland
380,DPD,8,8:53 AM,Czech Republic
381,GPS,21,2:53 AM,Germany
382,INpost,19,1:43 AM,Czech Republic
383,GPS,16,7:06 AM,Poland
384,INpost,9,10:09 AM,Poland
385,GPS,3,5:50 AM,Czech Republic
386,DPD,10,6:04 AM,Poland
387,DPD,16,9:13 AM,Poland
388,DPD,20,4:02 AM,Czech Republic
389,GPS,17,7:58 AM,Czech Republic
390,DPD,7,2:40 AM,Czech Republic
391,GPS,11,9:29 AM,Poland
392,GPS,18,11:26 AM,Czech Republic
393,DPD,14,7:35 AM,Poland
394,INpost,13,8:56 AM,Czech Republic
395,GPS,20,9:19 AM,Poland
396,GPS,5,5:59 AM,Poland
397,GPS,3,6:25 AM,Austria
398,DPD,,,
399,INpost,24,6:37 AM,Poland
400,GPS,20,4:31 AM,Poland
401,GPS,6,7:19 AM,Poland
402,GPS,22,1:19 AM,Poland
403,GPS,18,10:37 AM,Poland
404,DPD,,,
405,GPS,22,6:22 AM,Czech Republic
406,GPS,16,12:32 AM,Poland
407,GPS,7,5:04 AM,Czech Republic
408,DPD,12,4:08 AM,Czech Republic
409,GPS,9,6:45 AM,Poland
410,DPD,16,11:51 AM,Czech Republic
411,DPD,3,5:52 AM,Poland
412,DPD,14,5:47 AM,Poland
413,GPS,4,8:55 AM,Poland
414,GPS,10,2:18 AM,Czech Republic
415,DPD,4,9:27 AM,Austria
416,GPS,13,3:42 AM,Poland
417,GPS,19,1:40 AM,Czech Republic
418,INpost,10,4:36 AM,Poland
419,GPS,18,3:05 AM,Poland
420,INpost,23,3:48 AM,Czech Republic
421,GPS,5,11:59 AM,Poland
422,GPS,2,4:13 AM,Czech Republic
423,GPS,14,7:28 AM,Poland
424,DPD,13,5:48 AM,Poland
425,DPD,20,12:41 AM,Poland
426,GPS,17,4:24 AM,Poland
427,GPS,1,2:28 AM,Austria
428,GPS,14,11:45 AM,Czech Republic
429,DPD,17,2:19 AM,Poland
430,DPD,11,5:13 AM,Poland
431,GPS,4,11:15 AM,Czech Republic
432,GPS,23,4:45 AM,Germany
433,DPD,17,2:08 AM,Poland
434,INpost,7,5:34 AM,Poland
435,DPD,5,8:37 AM,Poland
436,GPS,16,12:11 AM,Poland
437,INpost,2,2:24 AM,Poland
438,DPD,17,10:43 AM,Poland
439,DPD,17,4:18 AM,Germany
440,GPS,12,8:23 AM,Czech Republic
441,DPD,19,7:22 AM,Poland
442,DPD,10,2:08 AM,Germany
443,GPS,19,7:08 AM,Czech Republic
444,GPS,10,1:52 AM,Czech Republic
445,INpost,17,2:19 AM,Poland
446,INpost,12,12:08 AM,Poland
447,INpost,2,6:46 AM,Poland
448,DPD,7,10:16 AM,Czech Republic
449,GPS,2,1:13 AM,Czech Republic
450,GPS,3,11:57 AM,Czech Republic
451,DPD,6,4:56 AM,Poland
452,GPS,23,1:32 AM,Poland
453,INpost,15,4:51 AM,Poland
454,DPD,10,1:08 AM,Poland
455,GPS,21,5:39 AM,Germany
456,GPS,7,7:14 AM,Czech Republic
457,DPD,24,4:41 AM,Czech Republic
458,DPD,4,1:17 AM,Poland
459,DPD,21,12:36 AM,Czech Republic
460,INpost,15,2:13 AM,Germany
461,INpost,20,2:38 AM,Poland
462,DPD,6,10:01 AM,Poland
463,INpost,8,2:10 AM,Poland
464,DPD,23,4:47 AM,Poland
465,INpost,19,9:58 AM,Poland
466,INpost,10,2:40 AM,Czech Republic
467,GPS,22,4:59 AM,Poland
468,DPD,18,3:48 AM,Czech Republic
469,INpost,4,1:37 AM,Czech Republic
470,DPD,21,11:48 AM,Poland
471,GPS,16,1:38 AM,Czech Republic
472,GPS,8,12:50 AM,Czech Republic
473,INpost,3,2:18 AM,Poland
474,DPD,20,11:56 AM,Poland
475,INpost,11,11:51 AM,Czech Republic
476,GPS,12,7:08 AM,Austria
477,DPD,24,10:16 AM,Poland
478,GPS,22,3:15 AM,Czech Republic
479,DPD,9,5:04 AM,Poland
480,INpost,,,
481,GPS,22,11:51 AM,Poland
482,INpost,7,10:48 AM,Poland
483,INpost,6,8:06 AM,Poland
484,DPD,16,8:06 AM,Czech Republic
485,INpost,5,8:52 AM,Poland
486,INpost,7,9:18 AM,Poland
487,GPS,11,3:39 AM,Poland
488,INpost,11,4:01 AM,Poland
489,GPS,2,2:04 AM,Czech Republic
490,GPS,4,10:28 AM,Poland
491,DPD,9,3:46 AM,Poland
492,INpost,17,10:01 AM,Czech Republic
493,INpost,19,6:11 AM,Germany
494,DPD,,,
495,INpost,10,6:55 AM,Poland
496,GPS,3,9:29 AM,Czech Republic
497,DPD,8,3:34 AM,Czech Republic
498,DPD,3,9:22 AM,Poland
499,GPS,6,6:47 AM,Poland
500,INpost,21,2:12 AM,Czech Republic
501,GPS,9,12:09 AM,Czech Republic
502,GPS,24,12:14 AM,Czech Republic
503,DPD,9,5:53 AM,Poland
504,GPS,21,2:00 AM,Poland
505,INpost,14,4:00 AM,Czech Republic
506,INpost,1,5:39 AM,Poland
507,INpost,24,10:36 AM,Poland
508,DPD,15,5:14 AM,Czech Republic
509,INpost,10,12:21 AM,Czech Republic
510,INpost,6,6:02 AM,Poland
511,DPD,,,
512,DPD,20,7:11 AM,Czech Republic
513,INpost,1,7:02 AM,Poland
514,DPD,15,1:00 AM,Poland
515,INpost,17,1:38 AM,Poland
516,GPS,11,12:54 AM,Poland
517,DPD,21,2:36 AM,Poland
518,INpost,12,7:13 AM,Poland
519,DPD,14,9:52 AM,Czech Republic
520,INpost,9,2:25 AM,Czech Republic
521,DPD,9,8:22 AM,Germany
522,GPS,,,
523,INpost,21,8:49 AM,Poland
524,INpost,6,9:53 AM,Poland
525,GPS,8,10:55 AM,Poland
526,GPS,13,8:26 AM,Poland
527,INpost,12,8:05 AM,Czech Republic
528,INpost,10,12:01 AM,Germany
529,GPS,6,7:15 AM,Poland
530,DPD,17,8:26 AM,Poland
531,GPS,,,
532,GPS,3,1:05 AM,Czech Republic
533,GPS,5,12:51 AM,Poland
534,INpost,11,1:20 AM,Poland
535,GPS,6,4:53 AM,Poland
536,INpost,21,7:21 AM,Poland
537,INpost,1,5:30 AM,Poland
538,DPD,5,6:05 AM,Poland
539,INpost,7,5:03 AM,Czech Republic
540,INpost,15,11:06 AM,Poland
541,DPD,3,9:25 AM,Czech Republic
542,DPD,13,12:13 AM,Poland
543,DPD,16,12:09 AM,Poland
544,DPD,1,11:29 AM,Czech Republic
545,GPS,1,9:45 AM,Germany
546,INpost,24,5:30 AM,Poland
547,DPD,19,1:55 AM,Poland
548,DPD,1,7:43 AM,Poland
549,DPD,3,10:47 AM,Poland
550,DPD,4,9:16 AM,Poland
551,INpost,3,5:54 AM,Poland
552,GPS,17,10:03 AM,Czech Republic
553,GPS,19,8:33 AM,Poland
554,GPS,23,8:21 AM,Czech Republic
555,INpost,9,5:04 AM,Germany
556,GPS,12,2:36 AM,Poland
557,INpost,22,7:14 AM,Poland
558,INpost,14,10:34 AM,Poland
559,DPD,1,12:56 AM,Czech Republic
560,DPD,10,3:14 AM,Poland
561,GPS,3,4:47 AM,Poland
562,INpost,9,11:21 AM,Czech Republic
563,GPS,17,9:04 AM,Czech Republic
564,DPD,3,8:25 AM,Czech Republic
565,INpost,17,1:46 AM,Poland
566,INpost,13,7:36 AM,Poland
567,DPD,19,3:21 AM,Czech Republic
568,DPD,10,1:19 AM,Poland
569,GPS,10,5:00 AM,Poland
570,INpost,19,6:29 AM,Czech Republic
571,GPS,4,12:20 AM,Czech Republic
572,GPS,6,4:54 AM,Poland
573,GPS,24,6:50 AM,Poland
574,INpost,14,8:52 AM,Poland
575,INpost,18,5:10 AM,Czech Republic
576,GPS,12,4:03 AM,Poland
577,INpost,9,6:23 AM,Czech Republic
578,DPD,20,1:55 AM,Poland
579,DPD,17,2:30 AM,Poland
580,INpost,22,6:04 AM,Poland
581,DPD,5,4:12 AM,Germany
582,GPS,9,10:29 AM,Poland
583,GPS,19,4:11 AM,Poland
584,GPS,17,1:45 AM,Czech Republic
585,INpost,24,9:29 AM,Czech Republic
586,INpost,15,8:32 AM,Poland
587,GPS,2,10:43 AM,Poland
588,DPD,12,7:55 AM,Poland
589,DPD,21,8:20 AM,Czech Republic
590,INpost,19,7:38 AM,Poland
591,INpost,23,11:08 AM,Poland
592,DPD,7,1:03 AM,Poland
593,DPD,19,12:23 AM,Poland
594,INpost,6,7:49 AM,Czech Republic
595,INpost,19,5:03 AM,Poland
596,DPD,23,8:27 AM,Czech Republic
597,GPS,23,3:09 AM,Czech Republic
598,INpost,12,1:50 AM,Czech Republic
599,INpost,10,11:55 AM,Poland
600,INpost,12,6:00 AM,Czech Republic
601,GPS,1,11:20 AM,Czech Republic
602,GPS,17,1:38 AM,Czech Republic
603,INpost,4,7:56 AM,Czech Republic
604,INpost,7,3:39 AM,Czech Republic
605,GPS,4,4:38 AM,Poland
606,INpost,15,3:43 AM,Germany
607,INpost,18,11:16 AM,Czech Republic
608,DPD,5,10:32 AM,Poland
609,DPD,24,5:57 AM,Poland
610,GPS,5,4:39 AM,Poland
611,DPD,20,10:18 AM,Poland
612,DPD,5,1:18 AM,Germany
613,DPD,21,11:11 AM,Czech Republic
614,INpost,23,4:10 AM,Czech Republic
615,DPD,6,5:11 AM,Czech Republic
616,GPS,,,
617,DPD,18,1:32 AM,Poland
618,DPD,23,12:40 AM,Poland
619,DPD,17,6:28 AM,Poland
620,GPS,10,2:55 AM,Czech Republic
621,INpost,20,3:12 AM,Poland
622,DPD,13,1:17 AM,Poland
623,GPS,23,11:43 AM,Czech Republic
624,DPD,16,6:49 AM,Czech Republic
625,INpost,20,3:35 AM,Czech Republic
626,GPS,11,8:41 AM,Poland
627,GPS,10,12:37 AM,Poland
628,DPD,21,12:45 AM,Czech Republic
629,INpost,10,11:01 AM,Poland
630,INpost,4,11:28 AM,Czech Republic
631,INpost,5,5:26 AM,Czech Republic
632,DPD,20,3:03 AM,Poland
633,INpost,4,6:44 AM,Czech Republic
634,INpost,5,4:17 AM,Poland
635,GPS,23,10:34 AM,Czech Republic
636,GPS,5,4:47 AM,Poland
637,DPD,23,8:59 AM,Poland
638,DPD,3,8:12 AM,Poland
639,INpost,23,9:26 AM,Poland
640,DPD,15,2:17 AM,Austria
641,INpost,9,12:41 AM,Poland
642,GPS,4,4:37 AM,Poland
643,GPS,21,9:44 AM,Poland
644,GPS,18,3:39 AM,Poland
645,DPD,11,9:40 AM,Czech Republic
646,GPS,4,7:15 AM,Poland
647,GPS,23,2:43 AM,Germany
648,INpost,4,6:20 AM,Poland
649,INpost,21,3:56 AM,Germany
650,GPS,1,7:05 AM,Poland
651,DPD,16,9:49 AM,Germany
652,DPD,24,11:57 AM,Poland
653,INpost,14,11:17 AM,Poland
654,GPS,9,12:18 AM,Czech Republic
655,GPS,5,11:56 AM,Czech Republic
656,DPD,8,3:17 AM,Poland
657,DPD,17,10:05 AM,Poland
658,DPD,13,5:05 AM,Czech Republic
659,GPS,16,2:09 AM,Poland
660,GPS,8,9:10 AM,Poland
661,DPD,5,9:23 AM,Poland
662,GPS,7,2:07 AM,Poland
663,DPD,22,5:41 AM,Czech Republic
664,INpost,21,11:01 AM,Poland
665,GPS,13,9:11 AM,Poland
666,INpost,20,2:48 AM,Germany
667,INpost,1,5:29 AM,Poland
668,GPS,19,7:56 AM,Germany
669,GPS,1,11:25 AM,Czech Republic
670,DPD,23,6:49 AM,Poland
671,INpost,7,11:22 AM,Poland
672,INpost,22,2:34 AM,Czech Republic
673,GPS,11,10:01 AM,Poland
674,DPD,15,8:18 AM,Poland
675,GPS,5,1:27 AM,Poland
676,GPS,16,4:48 AM,Czech Republic
677,GPS,13,9:12 AM,Germany
678,INpost,22,1:19 AM,Poland
679,GPS,16,8:36 AM,Poland
680,DPD,16,9:53 AM,Czech Republic
681,GPS,17,6:40 AM,Czech Republic
682,INpost,11,11:46 AM,Poland
683,INpost,13,12:32 AM,Czech Republic
684,GPS,3,4:41 AM,Czech Republic
685,GPS,16,1:35 AM,Poland
686,GPS,23,9:51 AM,Poland
687,GPS,6,1:09 AM,Poland
688,DPD,8,11:50 AM,Czech Republic
689,DPD,10,4:05 AM,Poland
690,INpost,23,8:33 AM,Poland
691,DPD,11,7:24 AM,Poland
692,GPS,20,3:22 AM,Czech Republic
693,GPS,5,12:25 AM,Poland
694,INpost,24,6:17 AM,Czech Republic
695,DPD,21,6:50 AM,Poland
696,DPD,23,4:30 AM,Poland
697,INpost,14,12:15 AM,Czech Republic
698,GPS,5,6:26 AM,Poland
699,DPD,24,7:28 AM,Poland
700,GPS,9,6:54 AM,Poland
701,DPD,21,8:29 AM,Poland
702,DPD,3,7:01 AM,Poland
703,INpost,17,3:47 AM,Poland
704,GPS,7,6:30 AM,Poland
705,DPD,15,1:28 AM,Poland
706,GPS,15,11:53 AM,Poland
707,GPS,2,5:25 AM,Poland
708,GPS,12,10:13 AM,Poland
709,GPS,18,6:14 AM,Poland
710,GPS,3,10:55 AM,Poland
711,DPD,23,1:49 AM,Poland
712,GPS,15,11:45 AM,Poland
713,INpost,21,1:28 AM,Czech Republic
714,DPD,15,3:45 AM,Poland
715,INpost,8,12:55 AM,Poland
716,DPD,7,9:45 AM,Czech Republic
717,DPD,2,11:14 AM,Czech Republic
718,GPS,10,5:56 AM,Poland
719,GPS,19,12:00 AM,Czech Republic
720,INpost,9,2:16 AM,Poland
721,INpost,6,8:12 AM,Poland
722,DPD,9,2:40 AM,Czech Republic
723,GPS,6,10:34 AM,Czech Republic
724,GPS,3,5:02 AM,Germany
725,GPS,23,3:19 AM,Czech Republic
726,GPS,23,7:54 AM,Czech Republic
727,DPD,24,12:45 AM,Poland
728,GPS,2,8:03 AM,Poland
729,INpost,10,7:14 AM,Poland
730,INpost,11,11:23 AM,Poland
731,DPD,15,6:44 AM,Poland
732,INpost,7,11:14 AM,Poland
733,INpost,22,4:57 AM,Czech Republic
734,DPD,9,12:28 AM,Poland
735,INpost,24,7:06 AM,Germany
736,DPD,17,4:10 AM,Czech Republic
737,INpost,21,3:50 AM,Poland
738,INpost,20,2:42 AM,Czech Republic
739,INpost,8,12:03 AM,Poland
740,GPS,4,7:34 AM,Poland
741,DPD,2,3:48 AM,Poland
742,GPS,20,12:19 AM,Poland
743,DPD,13,6:35 AM,Germany
744,DPD,6,5:45 AM,Poland
745,DPD,21,6:52 AM,Poland
746,DPD,12,11:36 AM,Germany
747,GPS,11,5:36 AM,Poland
748,DPD,10,3:14 AM,Poland
749,GPS,16,9:29 AM,Poland
750,INpost,17,7:23 AM,Poland
751,INpost,2,6:23 AM,Poland
752,GPS,2,12:57 AM,Poland
753,INpost,13,9:04 AM,Czech Republic
754,INpost,7,1:11 AM,Czech Republic
755,INpost,7,2:34 AM,Poland
756,DPD,14,2:49 AM,Poland
757,DPD,8,11:12 AM,Poland
758,GPS,12,7:35 AM,Czech Republic
759,GPS,21,8:57 AM,Poland
760,GPS,4,12:36 AM,Poland
761,INpost,9,9:04 AM,Czech Republic
762,GPS,22,3:02 AM,Czech Republic
763,INpost,4,7:58 AM,Poland
764,DPD,22,1:35 AM,Poland
765,DPD,2,8:28 AM,Poland
766,INpost,11,10:31 AM,Poland
767,DPD,22,12:37 AM,Poland
768,DPD,4,11:30 AM,Poland
769,INpost,10,4:17 AM,Poland
770,DPD,15,11:23 AM,Czech Republic
771,INpost,1,3:08 AM,Czech Republic
772,DPD,3,11:05 AM,Poland
773,GPS,12,8:04 AM,Germany
774,INpost,20,12:29 AM,Poland
775,INpost,19,10:37 AM,Poland
776,INpost,5,5:46 AM,Czech Republic
777,INpost,20,3:07 AM,Poland
778,INpost,23,11:10 AM,Poland
779,DPD,1,1:56 AM,Czech Republic
780,INpost,10,2:27 AM,Poland
781,INpost,12,3:41 AM,Poland
782,DPD,18,7:24 AM,Poland
783,GPS,16,9:17 AM,Poland
784,INpost,18,8:12 AM,Poland
785,INpost,4,12:59 AM,Poland
786,DPD,23,6:37 AM,Poland
787,DPD,19,9:08 AM,Czech Republic
788,GPS,23,6:12 AM,Czech Republic
789,GPS,21,4:41 AM,Poland
790,INpost,12,1:16 AM,Poland
791,INpost,2,6:37 AM,Poland
792,GPS,4,11:41 AM,Poland
793,GPS,2,5:28 AM,Poland
794,GPS,11,12:30 AM,Poland
795,INpost,9,8:09 AM,Poland
796,DPD,15,9:11 AM,Poland
797,GPS,1,8:03 AM,Germany
798,DPD,23,5:33 AM,Poland
799,GPS,22,1:09 AM,Poland
800,DPD,1,1:09 AM,Czech Republic
801,GPS,1,2:11 AM,Poland
802,DPD,2,9:37 AM,Germany
803,DPD,24,8:23 AM,Czech Republic
804,GPS,2,9:28 AM,Poland
805,DPD,22,1:15 AM,Czech Republic
806,DPD,19,10:52 AM,Poland
807,INpost,19,5:53 AM,Czech Republic
808,INpost,16,5:35 AM,Poland
809,DPD,11,12:55 AM,Czech Republic
810,DPD,4,3:33 AM,Poland
811,INpost,1,6:40 AM,Czech Republic
812,DPD,18,8:27 AM,Czech Republic
813,DPD,16,7:33 AM,Germany
814,DPD,19,2:12 AM,Czech Republic
815,DPD,9,7:55 AM,Poland
816,GPS,4,12:38 AM,Poland
817,DPD,16,12:33 AM,Poland
818,GPS,3,8:59 AM,Czech Republic
819,INpost,1,4:06 AM,Czech Republic
820,INpost,5,9:04 AM,Poland
821,INpost,17,3:20 AM,Poland
822,INpost,18,11:32 AM,Poland
823,DPD,20,2:57 AM,Germany
824,INpost,24,2:22 AM,Poland
825,GPS,8,3:07 AM,Poland
826,INpost,17,8:32 AM,Czech Republic
827,GPS,12,3:44 AM,Poland
828,INpost,11,12:00 AM,Poland
829,GPS,2,5:45 AM,Poland
830,INpost,12,6:10 AM,Poland
831,DPD,1,1:49 AM,Czech Republic
832,GPS,8,11:51 AM,Poland
833,INpost,18,1:14 AM,Poland
834,DPD,10,2:50 AM,Poland
835,DPD,16,5:28 AM,Germany
836,INpost,23,7:49 AM,Poland
837,DPD,23,7:35 AM,Poland
838,GPS,24,3:16 AM,Poland
839,INpost,8,6:57 AM,Poland
840,INpost,8,11:06 AM,Czech Republic
841,DPD,1,9:49 AM,Czech Republic
842,INpost,1,6:28 AM,Czech Republic
843,INpost,7,12:33 AM,Poland
844,GPS,3,5:22 AM,Poland
845,INpost,1,2:31 AM,Czech Republic
846,GPS,3,10:21 AM,Czech Republic
847,DPD,12,7:57 AM,Poland
848,GPS,13,7:30 AM,Poland
849,GPS,1,7:27 AM,Czech Republic
850,DPD,9,3:39 AM,Poland
851,GPS,1,9:15 AM,Poland
852,GPS,15,11:30 AM,Czech Republic
853,DPD,17,1:02 AM,Poland
854,GPS,15,11:07 AM,Poland
855,DPD,,,
856,INpost,14,5:00 AM,Germany
857,INpost,3,6:19 AM,Poland
858,INpost,16,3:02 AM,Czech Republic
859,DPD,2,5:15 AM,Poland
860,GPS,20,5:43 AM,Poland
861,GPS,20,2:09 AM,Poland
862,DPD,11,11:43 AM,Poland
863,GPS,17,7:32 AM,Czech Republic
864,GPS,18,4:22 AM,Poland
865,GPS,9,7:24 AM,Czech Republic
866,INpost,19,3:12 AM,Poland
867,INpost,15,12:32 AM,Poland
868,DPD,24,3:51 AM,Poland
869,INpost,16,5:56 AM,Poland
870,DPD,9,2:51 AM,Germany
871,DPD,8,5:55 AM,Poland
872,INpost,21,4:03 AM,Poland
873,GPS,24,4:08 AM,Poland
874,GPS,23,11:36 AM,Poland
875,GPS,2,9:34 AM,Poland
876,DPD,11,5:12 AM,Poland
877,INpost,5,7:59 AM,Poland
878,INpost,16,12:11 AM,Poland
879,INpost,13,5:37 AM,Poland
880,DPD,4,8:04 AM,Germany
881,DPD,21,1:04 AM,Poland
882,INpost,15,3:20 AM,Poland
883,DPD,15,7:36 AM,Poland
884,INpost,1,5:04 AM,Poland
885,GPS,1,5:54 AM,Poland
886,INpost,13,11:02 AM,Czech Republic
887,GPS,13,11:59 AM,Poland
888,DPD,14,11:42 AM,Poland
889,GPS,22,9:21 AM,Poland
890,GPS,4,7:12 AM,Poland
891,GPS,13,2:58 AM,Poland
892,INpost,15,9:20 AM,Poland
893,GPS,12,12:55 AM,Poland
894,INpost,4,10:10 AM,Poland
895,DPD,6,11:54 AM,Czech Republic
896,INpost,6,4:56 AM,Poland
897,INpost,4,1:44 AM,Poland
898,DPD,1,9:58 AM,Czech Republic
899,DPD,16,1:05 AM,Czech Republic
900,INpost,3,4:47 AM,Czech Republic
901,DPD,23,10:37 AM,Poland
902,INpost,19,10:06 AM,Czech Republic
903,GPS,2,1:21 AM,Poland
904,INpost,10,3:39 AM,Poland
905,DPD,3,12:17 AM,Poland
906,INpost,11,3:19 AM,Poland
907,DPD,14,2:49 AM,Poland
908,DPD,2,10:54 AM,Czech Republic
909,GPS,21,6:27 AM,Poland
910,DPD,2,5:19 AM,Poland
911,INpost,17,11:41 AM,Czech Republic
912,DPD,2,9:45 AM,Poland
913,DPD,14,2:07 AM,Czech Republic
914,DPD,10,1:58 AM,Poland
915,DPD,5,5:15 AM,Poland
916,GPS,21,12:46 AM,Poland
917,INpost,9,3:51 AM,Poland
918,INpost,8,6:07 AM,Poland
919,DPD,22,5:38 AM,Poland
920,GPS,2,1:03 AM,Czech Republic
921,INpost,6,8:08 AM,Poland
922,GPS,1,2:45 AM,Poland
923,DPD,,,
924,DPD,1,11:47 AM,Czech Republic
925,GPS,16,7:10 AM,Poland
926,DPD,5,8:48 AM,Poland
927,GPS,20,9:32 AM,Poland
928,DPD,15,9:52 AM,Czech Republic
929,GPS,6,11:34 AM,Poland
930,DPD,20,12:45 AM,Poland
931,GPS,20,4:50 AM,Poland
932,DPD,3,6:57 AM,Poland
933,INpost,11,10:56 AM,Poland
934,INpost,19,4:05 AM,Poland
935,INpost,11,11:36 AM,Poland
936,INpost,2,6:24 AM,Poland
937,DPD,6,8:14 AM,Poland
938,INpost,5,10:31 AM,Poland
939,GPS,17,11:04 AM,Poland
940,GPS,16,9:05 AM,Czech Republic
941,INpost,4,6:58 AM,Poland
942,DPD,12,11:12 AM,Poland
943,GPS,11,5:53 AM,Czech Republic
944,INpost,3,7:09 AM,Czech Republic
945,DPD,10,3:21 AM,Poland
946,GPS,11,6:17 AM,Czech Republic
947,DPD,21,12:26 AM,Czech Republic
948,DPD,19,10:55 AM,Poland
949,INpost,14,10:32 AM,Poland
950,DPD,15,7:29 AM,Poland
951,DPD,19,10:53 AM,Poland
952,DPD,12,9:13 AM,Czech Republic
953,INpost,16,1:10 AM,Czech Republic
954,DPD,4,2:04 AM,Czech Republic
955,DPD,10,6:14 AM,Poland
956,INpost,6,6:50 AM,Czech Republic
957,DPD,22,7:15 AM,Poland
958,INpost,1,6:06 AM,Czech Republic
959,INpost,16,1:17 AM,Poland
960,GPS,16,9:32 AM,Poland
961,DPD,12,8:15 AM,Czech Republic
962,DPD,23,1:36 AM,Poland
963,DPD,10,8:02 AM,Czech Republic
964,DPD,20,1:20 AM,Czech Republic
965,DPD,23,6:19 AM,Poland
966,INpost,21,3:00 AM,Poland
967,INpost,6,4:02 AM,Poland
968,DPD,10,1:20 AM,Czech Republic
969,INpost,21,8:33 AM,Poland
970,DPD,6,2:46 AM,Czech Republic
971,INpost,2,10:24 AM,Czech Republic
972,DPD,18,11:30 AM,Poland
973,INpost,14,7:15 AM,Poland
974,GPS,14,9:43 AM,Poland
975,GPS,13,7:02 AM,Poland
976,INpost,17,7:50 AM,Germany
977,INpost,18,1:21 AM,Czech Republic
978,GPS,8,2:44 AM,Poland
979,GPS,12,3:59 AM,Czech Republic
980,INpost,6,6:50 AM,Poland
981,INpost,,,
982,GPS,16,4:05 AM,Czech Republic
983,INpost,15,9:41 AM,Poland
984,GPS,23,11:40 AM,Germany
985,GPS,5,6:18 AM,Poland
986,GPS,17,1:46 AM,Poland
987,DPD,22,8:20 AM,Poland
988,GPS,12,1:15 AM,Poland
989,DPD,24,11:05 AM,Poland
990,INpost,20,5:37 AM,Czech Republic
991,INpost,11,12:59 AM,Czech Republic
992,GPS,23,1:53 AM,Poland
993,GPS,10,12:30 AM,Poland
994,DPD,17,7:32 AM,Poland
995,INpost,6,11:50 AM,Poland
996,INpost,11,10:51 AM,Poland
997,DPD,21,7:00 AM,Czech Republic
998,DPD,8,10:46 AM,Poland
999,DPD,15,5:22 AM,Poland
1000,GPS,21,11:10 AM,Poland
